{"cameraMode":{"drawMode":0,"name":"Shaded","section":"Shading Mode"},"sceneLighting":true,"audioPlay":false,"sceneViewState":{"showFog":true,"showMaterialUpdate":true,"showSkybox":true,"showFlares":true,"showImageEffects":true,"showParticleSystems":true},"in2DMode":false,"pivot":{"x":-296.6104431152344,"y":-20.47723388671875,"z":22.243995666503908},"rotation":{"x":0.5066365003585815,"y":-0.009059078060090542,"z":0.005319581367075443,"w":0.8620989322662354},"size":80.51026916503906,"orthographic":false}