{"cameraMode":{"drawMode":0,"name":"Shaded","section":"Shading Mode"},"sceneLighting":true,"audioPlay":false,"sceneViewState":{"showFog":true,"showMaterialUpdate":true,"showSkybox":true,"showFlares":true,"showImageEffects":true,"showParticleSystems":true},"in2DMode":false,"pivot":{"x":-4.945930480957031,"y":159.43988037109376,"z":-80.41104125976563},"rotation":{"x":-0.6616701483726502,"y":0.018436703830957414,"z":-0.016278915107250215,"w":-0.7493932843208313},"size":313.1664123535156,"orthographic":false}