{"cameraMode":{"drawMode":0,"name":"Shaded","section":"Shading Mode"},"sceneLighting":true,"audioPlay":false,"sceneViewState":{"showFog":true,"showMaterialUpdate":true,"showSkybox":true,"showFlares":true,"showImageEffects":true,"showParticleSystems":true},"in2DMode":false,"pivot":{"x":30.90932273864746,"y":-296.5150146484375,"z":-44.287200927734378},"rotation":{"x":0.6050052046775818,"y":-0.00836561992764473,"z":0.006354609504342079,"w":0.7961589694023132},"size":267.7977600097656,"orthographic":false}