{"cameraMode":{"drawMode":0,"name":"Shaded","section":"Shading Mode"},"sceneLighting":true,"audioPlay":false,"sceneViewState":{"showFog":true,"showMaterialUpdate":true,"showSkybox":true,"showFlares":true,"showImageEffects":true,"showParticleSystems":true},"in2DMode":false,"pivot":{"x":-414.2269287109375,"y":-228.7775421142578,"z":1.489013671875},"rotation":{"x":0.4706178307533264,"y":0.048917826265096667,"z":-0.026144828647375108,"w":0.880599319934845},"size":375.0321350097656,"orthographic":false}