{"cameraMode":{"drawMode":0,"name":"Shaded","section":"Shading Mode"},"sceneLighting":true,"audioPlay":false,"sceneViewState":{"showFog":true,"showMaterialUpdate":true,"showSkybox":true,"showFlares":true,"showImageEffects":true,"showParticleSystems":true},"in2DMode":false,"pivot":{"x":4.12425422668457,"y":-76.17892456054688,"z":-11.374317169189454},"rotation":{"x":0.6641165614128113,"y":0.0011148853227496148,"z":-0.0009950906969606877,"w":0.7476313710212708},"size":246.3649139404297,"orthographic":false}