{"cameraMode":{"drawMode":0,"name":"Shaded","section":"Shading Mode"},"sceneLighting":true,"audioPlay":false,"sceneViewState":{"showFog":true,"showMaterialUpdate":true,"showSkybox":true,"showFlares":true,"showImageEffects":true,"showParticleSystems":true},"in2DMode":false,"pivot":{"x":567.7133178710938,"y":-75.76046752929688,"z":-9.497858047485352},"rotation":{"x":0.6641165614128113,"y":0.0011148853227496148,"z":-0.0009950906969606877,"w":0.7476313710212708},"size":98.0948715209961,"orthographic":false}