{"cameraMode":{"drawMode":0,"name":"Shaded","section":"Shading Mode"},"sceneLighting":true,"audioPlay":false,"sceneViewState":{"showFog":true,"showMaterialUpdate":true,"showSkybox":true,"showFlares":true,"showImageEffects":true,"showParticleSystems":true},"in2DMode":false,"pivot":{"x":69.80906677246094,"y":-15.006103515625,"z":35.04217529296875},"rotation":{"x":-0.4884474277496338,"y":-0.0007878992473706603,"z":0.00044090207666158676,"w":-0.8725936412811279},"size":311.84808349609377,"orthographic":false}