{"cameraMode":{"drawMode":0,"name":"Shaded","section":"Shading Mode"},"sceneLighting":true,"audioPlay":false,"sceneViewState":{"showFog":true,"showMaterialUpdate":true,"showSkybox":true,"showFlares":true,"showImageEffects":true,"showParticleSystems":true},"in2DMode":false,"pivot":{"x":23.53110122680664,"y":258.29168701171877,"z":51.55938720703125},"rotation":{"x":-0.1556367725133896,"y":-0.021633705124258996,"z":0.003409444587305188,"w":-0.9875721335411072},"size":432.2665100097656,"orthographic":false}