{"cameraMode":{"drawMode":0,"name":"Shaded","section":"Shading Mode"},"sceneLighting":true,"audioPlay":false,"sceneViewState":{"showFog":true,"showMaterialUpdate":true,"showSkybox":true,"showFlares":true,"showImageEffects":true,"showParticleSystems":true},"in2DMode":false,"pivot":{"x":-13.36471176147461,"y":175.80531311035157,"z":-94.7951431274414},"rotation":{"x":-0.2814524173736572,"y":-0.003745125140994787,"z":0.0010983621468767524,"w":-0.9595679640769959},"size":146.78663635253907,"orthographic":false}