{"cameraMode":{"drawMode":0,"name":"Shaded","section":"Shading Mode"},"sceneLighting":true,"audioPlay":false,"sceneViewState":{"showFog":true,"showMaterialUpdate":true,"showSkybox":true,"showFlares":true,"showImageEffects":true,"showParticleSystems":true},"in2DMode":false,"pivot":{"x":12.508964538574219,"y":-193.75759887695313,"z":-137.1002197265625},"rotation":{"x":-0.25646618008613589,"y":-0.055927954614162448,"z":0.014866700395941735,"w":-0.9648200273513794},"size":283.6938171386719,"orthographic":false}