{"cameraMode":{"drawMode":0,"name":"Shaded","section":"Shading Mode"},"sceneLighting":true,"audioPlay":false,"sceneViewState":{"showFog":true,"showMaterialUpdate":true,"showSkybox":true,"showFlares":true,"showImageEffects":true,"showParticleSystems":true},"in2DMode":false,"pivot":{"x":132.12710571289063,"y":-155.6583251953125,"z":50.6800537109375},"rotation":{"x":0.4706178307533264,"y":0.048917826265096667,"z":-0.026144828647375108,"w":0.880599319934845},"size":466.4916076660156,"orthographic":false}