{"cameraMode":{"drawMode":0,"name":"Shaded","section":"Shading Mode"},"sceneLighting":true,"audioPlay":false,"sceneViewState":{"showFog":true,"showMaterialUpdate":true,"showSkybox":true,"showFlares":true,"showImageEffects":true,"showParticleSystems":true},"in2DMode":false,"pivot":{"x":-12.619741439819336,"y":-167.18511962890626,"z":-184.300048828125},"rotation":{"x":-0.49352163076400759,"y":-0.02165408991277218,"z":0.012292522937059403,"w":-0.8693780303001404},"size":369.44317626953127,"orthographic":false}