{"cameraMode":{"drawMode":0,"name":"Shaded","section":"Shading Mode"},"sceneLighting":true,"audioPlay":false,"sceneViewState":{"showFog":true,"showMaterialUpdate":true,"showSkybox":true,"showFlares":true,"showImageEffects":true,"showParticleSystems":true},"in2DMode":false,"pivot":{"x":124.4521255493164,"y":300.9219970703125,"z":-50.724029541015628},"rotation":{"x":-0.5386044383049011,"y":-0.008343314751982689,"z":0.005333506967872381,"w":-0.8425029516220093},"size":324.8138732910156,"orthographic":false}