{"cameraMode":{"drawMode":0,"name":"Shaded","section":"Shading Mode"},"sceneLighting":false,"audioPlay":false,"sceneViewState":{"showFog":true,"showMaterialUpdate":true,"showSkybox":false,"showFlares":true,"showImageEffects":true,"showParticleSystems":true},"in2DMode":false,"pivot":{"x":-258.68634033203127,"y":173.7496337890625,"z":64.47368621826172},"rotation":{"x":-0.005118405446410179,"y":0.5823317766189575,"z":0.8129323124885559,"w":0.0036748761776834728},"size":145.71414184570313,"orthographic":false}