{"cameraMode":{"drawMode":0,"name":"Shaded","section":"Shading Mode"},"sceneLighting":true,"audioPlay":false,"sceneViewState":{"showFog":true,"showMaterialUpdate":true,"showSkybox":true,"showFlares":true,"showImageEffects":true,"showParticleSystems":true},"in2DMode":false,"pivot":{"x":556.9713745117188,"y":235.79513549804688,"z":-200.2094268798828},"rotation":{"x":-0.5530933737754822,"y":0.03920364007353783,"z":-0.026068510487675668,"w":-0.8317887187004089},"size":399.19183349609377,"orthographic":false}