{"cameraMode":{"drawMode":0,"name":"Shaded","section":"Shading Mode"},"sceneLighting":true,"audioPlay":false,"sceneViewState":{"showFog":true,"showMaterialUpdate":true,"showSkybox":true,"showFlares":true,"showImageEffects":true,"showParticleSystems":true},"in2DMode":false,"pivot":{"x":44.13069534301758,"y":118.4461669921875,"z":15.315093994140625},"rotation":{"x":-0.48574453592300417,"y":0.01625416800379753,"z":-0.009034889750182629,"w":-0.8739049434661865},"size":313.1664123535156,"orthographic":false}