{"cameraMode":{"drawMode":0,"name":"Shaded","section":"Shading Mode"},"sceneLighting":true,"audioPlay":false,"sceneViewState":{"showFog":true,"showMaterialUpdate":true,"showSkybox":true,"showFlares":true,"showImageEffects":true,"showParticleSystems":true},"in2DMode":false,"pivot":{"x":171.87387084960938,"y":88.8343505859375,"z":231.17770385742188},"rotation":{"x":0.23383305966854096,"y":0.18104171752929688,"z":-0.044365670531988147,"w":0.9542459845542908},"size":479.46722412109377,"orthographic":false}