{"cameraMode":{"drawMode":0,"name":"Shaded","section":"Shading Mode"},"sceneLighting":true,"audioPlay":false,"sceneViewState":{"showFog":true,"showMaterialUpdate":true,"showSkybox":true,"showFlares":true,"showImageEffects":true,"showParticleSystems":true},"in2DMode":false,"pivot":{"x":438.52410888671877,"y":313.1727294921875,"z":174.29193115234376},"rotation":{"x":-0.49352163076400759,"y":-0.02165408991277218,"z":0.012292522937059403,"w":-0.8693780303001404},"size":687.0267333984375,"orthographic":false}