{"cameraMode":{"drawMode":0,"name":"Shaded","section":"Shading Mode"},"sceneLighting":true,"audioPlay":false,"sceneViewState":{"showFog":true,"showMaterialUpdate":true,"showSkybox":true,"showFlares":true,"showImageEffects":true,"showParticleSystems":true},"in2DMode":false,"pivot":{"x":-24.673614501953126,"y":61.54296875,"z":-78.6512451171875},"rotation":{"x":-0.538611888885498,"y":-0.007079552859067917,"z":0.004525595810264349,"w":-0.8425146341323853},"size":210.85940551757813,"orthographic":false}