{"cameraMode":{"drawMode":0,"name":"Shaded","section":"Shading Mode"},"sceneLighting":true,"audioPlay":false,"sceneViewState":{"showFog":true,"showMaterialUpdate":true,"showSkybox":true,"showFlares":true,"showImageEffects":true,"showParticleSystems":true},"in2DMode":false,"pivot":{"x":-25.76686668395996,"y":135.60189819335938,"z":14.026611328125},"rotation":{"x":-0.1556367725133896,"y":-0.021633705124258996,"z":0.003409444587305188,"w":-0.9875721335411072},"size":171.51791381835938,"orthographic":false}