{"cameraMode":{"drawMode":0,"name":"Shaded","section":"Shading Mode"},"sceneLighting":true,"audioPlay":false,"sceneViewState":{"showFog":true,"showMaterialUpdate":true,"showSkybox":true,"showFlares":true,"showImageEffects":true,"showParticleSystems":true},"in2DMode":false,"pivot":{"x":415.8099365234375,"y":191.68365478515626,"z":-28.78997802734375},"rotation":{"x":-0.4884474277496338,"y":-0.0007878992473706603,"z":0.00044090207666158676,"w":-0.8725936412811279},"size":264.0801086425781,"orthographic":false}