{"cameraMode":{"drawMode":0,"name":"Shaded","section":"Shading Mode"},"sceneLighting":true,"audioPlay":false,"sceneViewState":{"showFog":true,"showMaterialUpdate":true,"showSkybox":true,"showFlares":true,"showImageEffects":true,"showParticleSystems":true},"in2DMode":false,"pivot":{"x":112.97802734375,"y":282.0716552734375,"z":-199.40562438964845},"rotation":{"x":-0.3826445937156677,"y":0.051786527037620547,"z":-0.021488003432750703,"w":-0.9221936464309692},"size":140.0089874267578,"orthographic":false}