{"cameraMode":{"drawMode":0,"name":"Shaded","section":"Shading Mode"},"sceneLighting":true,"audioPlay":false,"sceneViewState":{"showFog":true,"showMaterialUpdate":true,"showSkybox":true,"showFlares":true,"showImageEffects":true,"showParticleSystems":true},"in2DMode":false,"pivot":{"x":-11.998807907104493,"y":68.72802734375,"z":-66.80593872070313},"rotation":{"x":-0.48574453592300417,"y":0.01625416800379753,"z":-0.009034889750182629,"w":-0.8739049434661865},"size":188.71754455566407,"orthographic":false}