{"cameraMode":{"drawMode":0,"name":"Shaded","section":"Shading Mode"},"sceneLighting":true,"audioPlay":false,"sceneViewState":{"showFog":true,"showMaterialUpdate":true,"showSkybox":true,"showFlares":true,"showImageEffects":true,"showParticleSystems":true},"in2DMode":false,"pivot":{"x":51.458595275878909,"y":288.4566955566406,"z":-100.31855773925781},"rotation":{"x":-0.5599366426467896,"y":-0.0007482481305487454,"z":0.0005054445937275887,"w":-0.8285360336303711},"size":173.89097595214845,"orthographic":false}